Date,Open,High,Low,Close,Volume,CloseTime,QuoteAssetVolume,Trades,TakerBaseVolume,TakerQuoteVolume,Ignore
2023-07-13,30380.0,31804.2,30251.0,31454.23,70772.51836,1689292799999.0,2194927210.224416,1301632.0,36084.84178,1119542855.1513171,0.0
2023-07-14,31454.23,31630.0,29900.0,30312.01,60749.48424,1689379199999.0,1869443273.7476244,1274387.0,28513.77996,877642037.8224415,0.0
2023-07-15,30312.0,30390.9,30200.0,30289.52,14118.55329,1689465599999.0,427921094.3021783,488354.0,6430.54981,194912673.9119217,0.0
2023-07-16,30289.52,30441.46,30064.29,30231.99,15760.1281,1689551999999.0,477189328.0072937,494225.0,7322.44372,221713710.223243,0.0
2023-07-17,30232.0,30336.96,29659.2,30138.0,30882.76839,1689638399999.0,929647644.243343,816466.0,14352.21893,432105955.4547703,0.0
2023-07-18,30138.01,30239.78,29512.0,29859.13,30003.8601,1689724799999.0,897157095.4774112,754775.0,13771.19621,411748868.0629127,0.0
2023-07-19,29859.14,30189.09,29761.96,29909.21,25657.36137,1689811199999.0,769254865.2851151,617415.0,12260.98321,367624217.9174355,0.0
2023-07-20,29909.21,30417.46,29570.96,29800.0,37540.68193,1689897599999.0,1125950643.7116494,749723.0,18061.33493,541742405.5204978,0.0
2023-07-21,29800.0,30061.7,29726.34,29901.72,23881.40865,1689983999999.0,713123417.7612139,555611.0,11566.3884,345404092.6459083,0.0
2023-07-22,29901.72,29999.0,29625.1,29794.0,14660.40467,1690070399999.0,437785700.3396102,423988.0,6725.50525,200848375.4485695,0.0
2023-07-23,29793.99,30350.0,29730.0,30083.75,18292.78637,1690156799999.0,548940321.0915866,519434.0,8889.35695,266761143.4116981,0.0
2023-07-24,30083.75,30099.58,28861.9,29176.5,39628.99691,1690243199999.0,1162562413.8190155,869107.0,18047.66786,529388757.4915814,0.0
2023-07-25,29176.5,29376.0,29047.65,29228.91,21565.7478,1690329599999.0,629531351.1145664,533797.0,10257.29455,299466722.1976085,0.0
2023-07-26,29228.91,29690.0,29096.94,29351.96,33931.63366,1690415999999.0,995569172.1396836,750401.0,15987.94266,469155943.83416,0.0
2023-07-27,29351.95,29567.49,29083.85,29222.78,22476.47626,1690502399999.0,659594157.3443576,583045.0,10384.95749,304728875.7312362,0.0
2023-07-28,29222.78,29542.22,29123.12,29314.14,23993.61627,1690588799999.0,702705076.837866,543177.0,11422.36141,334588917.0883291,0.0
2023-07-29,29314.14,29406.92,29256.18,29352.9,10851.36844,1690675199999.0,318276733.8766431,339750.0,5443.09222,159659088.1646764,0.0
2023-07-30,29352.9,29449.0,29033.24,29281.09,15706.97441,1690761599999.0,459830379.6509824,454846.0,7720.41654,226012721.3705351,0.0
2023-07-31,29281.09,29530.0,29101.8,29232.25,22605.48964,1690847999999.0,663025204.2072346,563115.0,11029.2258,323482162.2920864,0.0
2023-08-01,29232.26,29739.25,28585.7,29705.99,44719.65162,1690934399999.0,1299160215.077924,900141.0,21831.75056,634595648.9435309,0.0
2023-08-02,29705.99,30047.5,28927.5,29186.01,48181.65141,1691020799999.0,1419729744.649752,945158.0,22953.8144,676256840.2750593,0.0
2023-08-03,29186.0,29433.33,28968.0,29193.64,26476.91994,1691107199999.0,773302705.4947629,651970.0,12901.09228,376856740.4883937,0.0
2023-08-04,29193.65,29333.08,28807.54,29113.99,23551.95217,1691193599999.0,686643453.3930904,544850.0,10539.62903,307284659.321428,0.0
2023-08-05,29114.0,29152.23,28978.64,29072.13,11645.52018,1691279999999.0,338478560.1218247,331924.0,5491.4962,159611625.1658778,0.0
2023-08-06,29072.13,29205.09,28991.88,29088.42,13178.1972,1691366399999.0,383209498.8777505,338654.0,6471.24487,188192943.696217,0.0
2023-08-07,29088.43,29276.78,28701.03,29211.06,30966.87746,1691452799999.0,899492595.6812717,671438.0,15375.49318,446702609.5645752,0.0
2023-08-08,29211.06,30244.0,29146.45,29770.42,45700.53392,1691539199999.0,1352934531.6659672,877168.0,24189.62133,716161501.5730364,0.0
2023-08-09,29770.41,30160.0,29376.67,29581.99,38003.88725,1691625599999.0,1130396850.0974114,750252.0,18700.85778,556446376.251785,0.0
2023-08-10,29581.99,29738.0,29320.2,29455.75,23463.45373,1691711999999.0,692863472.0877249,513691.0,11204.06553,330886650.2003818,0.0
2023-08-11,29455.76,29564.52,29252.45,29426.03,20637.0443,1691798399999.0,607176051.3015367,437828.0,9803.94004,288451712.1002085,0.0
2023-08-12,29426.02,29481.35,29381.56,29430.17,8971.48068,1691884799999.0,263949405.5434029,310852.0,4181.99127,123039182.1587899,0.0
2023-08-13,29430.18,29474.65,29272.32,29303.84,11101.70947,1691971199999.0,326264625.2296824,341726.0,5257.07008,154501729.2473491,0.0
2023-08-14,29303.85,29695.32,29102.45,29430.93,31443.11532,1692057599999.0,924613476.681799,671592.0,15036.11048,442247506.1673844,0.0
2023-08-15,29430.92,29499.26,29059.6,29200.0,27503.87691,1692143999999.0,806683957.3100156,591162.0,12751.63951,374046205.2590536,0.0
2023-08-16,29200.01,29259.85,28723.08,28730.51,32996.69854,1692230399999.0,959870747.0063142,768028.0,14761.86053,429510396.4298237,0.0
2023-08-17,28730.51,28783.48,25166.0,26623.41,100271.54033,1692316799999.0,2755821274.340605,1976577.0,47495.99471,1302553963.3106227,0.0
2023-08-18,26623.41,26832.6,25619.0,26054.0,69790.65711,1692403199999.0,1834219523.699404,1293122.0,33522.24573,881095856.1944035,0.0
2023-08-19,26054.0,26281.0,25801.09,26100.01,26160.75343,1692489599999.0,680623880.8247554,615764.0,12952.29598,337010159.8115182,0.0
2023-08-20,26100.01,26299.0,25971.05,26189.99,19056.91209,1692575999999.0,497880752.2301158,451543.0,9909.1293,258890029.0825063,0.0
2023-08-21,26190.0,26258.42,25812.0,26126.92,30267.24233,1692662399999.0,788205156.3215925,565987.0,14052.07264,365942107.3406446,0.0
2023-08-22,26126.92,26139.42,25300.0,26056.0,34247.06688,1692748799999.0,886782344.1602929,603624.0,16436.92888,425661908.6149738,0.0
2023-08-23,26055.99,26819.27,25812.82,26432.72,44023.69978,1692835199999.0,1156326251.922411,673711.0,21955.66524,576734438.2954001,0.0
2023-08-24,26432.71,26577.87,25864.0,26180.05,30205.22116,1692921599999.0,792966965.8982658,575619.0,13987.93493,367233375.4168434,0.0
2023-08-25,26180.05,26314.05,25777.15,26060.01,27753.33772,1693007999999.0,722611079.1898074,611438.0,13258.65894,345214226.918254,0.0
2023-08-26,26060.0,26125.77,25985.92,26017.37,10022.22322,1693094399999.0,261041530.4758038,329412.0,4681.90628,121952627.5976749,0.0
2023-08-27,26017.38,26182.23,25966.11,26101.77,12099.64216,1693180799999.0,315548363.0193776,349090.0,6170.48664,160918200.3936097,0.0
2023-08-28,26101.78,26253.99,25864.5,26120.0,22692.62655,1693267199999.0,591008939.17657,523057.0,10912.40549,284226173.7934395,0.0
2023-08-29,26120.0,28142.85,25922.0,27716.34,74251.99488,1693353599999.0,2023326050.758479,1137083.0,37945.55071,1034244032.3814663,0.0
2023-08-30,27716.34,27768.57,27017.24,27299.99,35448.25848,1693439999999.0,969086451.1625257,690292.0,16715.57712,456926409.729732,0.0
2023-08-31,27299.99,27587.51,25655.01,25940.78,51032.80401,1693526399999.0,1360373186.0116708,944690.0,24598.11397,655707233.8849008,0.0
2023-09-01,25940.77,26156.0,25333.75,25805.05,41032.15056,1693612799999.0,1059444591.7097493,881179.0,19960.9903,515429946.1831724,0.0
2023-09-02,25805.04,25987.5,25752.47,25869.51,16250.77698,1693699199999.0,419812969.9468598,567728.0,7634.91416,197234437.0220484,0.0
2023-09-03,25869.52,26135.0,25800.0,25971.21,17474.47667,1693785599999.0,453100690.1021077,496412.0,8583.16498,222581536.0268467,0.0
2023-09-04,25971.21,26108.02,25631.21,25826.02,21777.59609,1693871999999.0,563532890.5699993,596830.0,10177.3686,263365883.4295556,0.0
2023-09-05,25826.03,25915.49,25562.62,25792.1,21323.39337,1693958399999.0,548893707.6002005,566736.0,9926.65838,255537038.4660957,0.0
2023-09-06,25792.11,26040.0,25372.51,25759.95,27262.52386,1694044799999.0,700763180.8011677,636302.0,12736.70564,327416444.7840959,0.0
2023-09-07,25759.95,26443.14,25615.38,26255.0,27687.49567,1694131199999.0,718923008.9071183,631929.0,13506.19156,350741324.2920373,0.0
2023-09-08,26255.0,26445.5,25647.26,25910.5,28999.76471,1694217599999.0,754184537.1096923,646852.0,14238.89945,370236844.4314076,0.0
2023-09-09,25910.5,25945.09,25796.64,25901.61,10980.62277,1694303999999.0,284109473.8075783,359038.0,5212.44349,134863388.7628859,0.0
2023-09-10,25901.6,26033.66,25570.57,25841.61,18738.26914,1694390399999.0,483577459.2055345,489773.0,8747.51072,225752901.0403501,0.0
2023-09-11,25841.6,25900.69,24901.0,25162.52,41682.32,1694476799999.0,1057371884.6697066,864138.0,19664.90243,498821645.3852222,0.0
2023-09-12,25162.53,26567.0,25131.48,25840.1,56434.38537,1694563199999.0,1464393036.9616623,1047056.0,27720.5183,719147319.9787064,0.0
2023-09-13,25840.1,26405.22,25764.17,26222.0,31610.82753,1694649599999.0,825437881.4687591,714880.0,15287.00038,399099781.6207648,0.0
2023-09-14,26222.0,26860.49,26126.77,26522.73,38333.1725,1694735999999.0,1015267319.7730227,799278.0,19440.45467,514863794.3783894,0.0
2023-09-15,26522.73,26888.0,26224.0,26600.0,26227.29369,1694822399999.0,695203258.0004445,654094.0,12600.39115,334045930.7667212,0.0
2023-09-16,26599.99,26777.0,26445.0,26559.67,13960.93351,1694908799999.0,370889866.4592735,526416.0,6508.91352,172926781.3888423,0.0
2023-09-17,26559.67,26623.25,26399.0,26527.51,12998.10277,1694995199999.0,344703727.5601071,476775.0,6359.89459,168675580.016463,0.0
2023-09-18,26527.5,27409.0,26377.35,26762.51,43000.43256,1695081599999.0,1158780347.625305,938705.0,21551.71605,580912488.7594309,0.0
2023-09-19,26762.5,27483.57,26667.79,27210.26,36190.52187,1695167999999.0,981539255.55962,898076.0,17851.15558,484061308.124933,0.0
2023-09-20,27210.25,27388.63,26800.0,27125.0,34207.21867,1695254399999.0,927206075.9626273,867288.0,16983.43086,460402346.1707834,0.0
2023-09-21,27125.01,27159.6,26377.7,26568.08,34476.82662,1695340799999.0,920768143.3513128,823416.0,16878.78202,450738363.8506985,0.0
2023-09-22,26568.08,26743.38,26468.77,26580.14,18198.2292,1695427199999.0,484331618.9485319,567149.0,8484.09679,225805692.7235693,0.0
2023-09-23,26580.14,26632.81,26509.0,26575.96,9440.7026,1695513599999.0,250873957.3886738,421717.0,4387.1973,116581214.130133,0.0
2023-09-24,26575.97,26738.54,26122.08,26248.38,15706.65771,1695599999999.0,416368301.3736848,545045.0,7547.06342,200078452.0167577,0.0
2023-09-25,26248.39,26446.15,25990.46,26304.81,26266.2039,1695686399999.0,688252596.3809944,873488.0,12654.58207,331622453.1518055,0.0
2023-09-26,26304.8,26397.46,26088.34,26221.67,18495.35066,1695772799999.0,485217905.0421048,697727.0,8813.76144,231246870.5474588,0.0
2023-09-27,26221.68,26850.0,26112.06,26372.99,34771.57978,1695859199999.0,918797815.048481,939690.0,16813.75506,444221386.426141,0.0
2023-09-28,26373.0,27308.48,26342.4,27021.39,44517.83491,1695945599999.0,1193420040.1309185,1158974.0,22463.19242,602340703.6015062,0.0
2023-09-29,27021.39,27244.89,26665.16,26906.96,28478.76219,1696031999999.0,767827314.9319088,878610.0,14409.35554,388591243.2591525,0.0
2023-09-30,26906.96,27094.99,26886.31,26962.56,12804.62307,1696118399999.0,345406056.6806953,534908.0,6221.24272,167818583.0599575,0.0
2023-10-01,26962.57,28065.51,26954.09,27992.57,24602.81468,1696204799999.0,674657121.9944204,883593.0,12815.98694,351622961.4701274,0.0
2023-10-02,27992.58,28580.0,27281.44,27494.51,57071.14241,1696291199999.0,1600944483.4902065,1464158.0,28423.61,797598852.4797782,0.0
2023-10-03,27494.51,27676.52,27160.5,27426.46,28928.96555,1696377599999.0,794301815.426502,1202377.0,13562.03527,372402100.7967511,0.0
2023-10-04,27426.45,27839.72,27202.0,27778.57,29816.142,1696463999999.0,820421385.2557853,1188381.0,15077.70185,414806576.3484014,0.0
2023-10-05,27778.57,28120.39,27352.0,27410.39,30681.49619,1696550399999.0,849415594.0472504,1210397.0,14985.99405,415039706.5866476,0.0
2023-10-06,27410.39,28295.0,27175.94,27931.09,37983.24277,1696636799999.0,1052864393.8176135,1326700.0,19091.24006,529241188.557369,0.0
2023-10-07,27931.1,28029.67,27842.08,27956.67,13348.83825,1696723199999.0,372820279.523143,641623.0,6392.35089,178534947.7787839,0.0
2023-10-08,27956.67,28095.14,27687.5,27917.05,19693.56921,1696809599999.0,549839951.4800811,822730.0,9216.08271,257333249.5330772,0.0
2023-10-09,27917.06,27987.93,27260.0,27590.12,31534.74639,1696895999999.0,870014634.3621609,1156525.0,15077.43003,415887241.10445,0.0
2023-10-10,27590.12,27735.0,27298.0,27390.12,22776.84383,1696982399999.0,626258724.2775784,1002272.0,10851.22317,298354384.6981499,0.0
2023-10-11,27390.12,27477.39,26538.66,26875.52,37349.44706,1697068799999.0,1007065585.9346406,1336479.0,17460.0774,470620209.7857446,0.0
2023-10-12,26875.52,26947.04,26555.0,26759.63,23428.64112,1697155199999.0,626909068.3868717,1066082.0,11128.85943,297794983.5412317,0.0
2023-10-13,26759.63,27130.0,26685.0,26862.0,24115.76499,1697241599999.0,647553796.3580662,1035322.0,11209.65389,301049285.742293,0.0
2023-10-14,26862.0,26989.58,26789.0,26852.48,10417.25576,1697327999999.0,280059019.0534013,517837.0,4378.85219,117730324.8186729,0.0
2023-10-15,26852.48,27293.33,26808.25,27154.15,15274.6917,1697414399999.0,412673965.3439348,682942.0,7802.69243,210833694.1344327,0.0
2023-10-16,27154.14,30000.0,27112.66,28500.78,78399.22445,1697500799999.0,2210785548.2360964,2289339.0,40738.04173,1148700588.6793344,0.0
2023-10-17,28500.77,28613.65,28069.32,28395.91,38428.44532,1697587199999.0,1090741746.4830873,1345810.0,18994.06799,539218488.3415859,0.0
2023-10-18,28395.91,28982.36,28142.87,28320.0,32162.47591,1697673599999.0,914773525.1527581,1215235.0,15590.14442,443515753.8170772,0.0
2023-10-19,28320.0,28916.89,28100.66,28713.71,35895.50179,1697759999999.0,1023984017.0322788,1330256.0,18427.23743,525695852.5632501,0.0
2023-10-20,28713.71,30207.55,28578.29,29669.04,59422.0992,1697846399999.0,1753411192.551091,1915748.0,29466.75927,869634841.3281221,0.0
2023-10-21,29669.05,30379.99,29464.77,29909.8,27517.51897,1697932799999.0,821964508.4353629,1152137.0,13836.12444,413323530.3421796,0.0
2023-10-22,29909.8,30248.0,29640.0,29992.46,22852.54563,1698019199999.0,683854827.8969322,1008299.0,11161.46844,334011129.2314961,0.0
2023-10-23,29992.46,34741.91,29883.6,33069.99,93513.64246,1698105599999.0,2941620022.8651876,2839938.0,47839.23087,1505815243.5676994,0.0
2023-10-24,33069.99,35280.0,32832.34,33922.73,115265.02418,1698191999999.0,3933194868.161196,2850160.0,57409.31981,1959449469.4657931,0.0
2023-10-25,33922.73,35132.85,33679.05,34496.05,54887.02529,1698278399999.0,1888210825.6063828,1643976.0,26150.50377,900236395.3726264,0.0
2023-10-26,34496.05,34824.13,33751.0,34151.66,39744.66255,1698364799999.0,1363077907.10912,1382785.0,18528.43061,635547858.4928182,0.0
2023-10-27,34151.66,34245.0,33390.95,33892.02,32330.40106,1698451199999.0,1096889423.419842,1112240.0,14310.32429,485405697.9244014,0.0
2023-10-28,33892.01,34493.33,33860.0,34081.0,16880.13144,1698537599999.0,575936523.347353,607438.0,8313.30759,283656619.5863619,0.0
2023-10-29,34081.01,34750.11,33930.0,34525.89,20685.52176,1698623999999.0,711652985.1790963,717480.0,10053.96096,345933681.7968467,0.0
2023-10-30,34525.88,34856.0,34062.84,34474.73,33657.95976,1698710399999.0,1159771907.6421053,1117727.0,15237.56781,525162190.5371194,0.0
2023-10-31,34474.74,34720.49,34025.0,34639.77,32737.89822,1698796799999.0,1125442444.4884882,1179053.0,15843.795,544722903.4968481,0.0
2023-11-01,34639.78,35582.0,34097.39,35421.43,53473.28165,1698883199999.0,1856348820.4794536,1624635.0,25779.0029,895387891.4676665,0.0
2023-11-02,35421.43,35984.99,34300.0,34941.59,48015.57732,1698969599999.0,1686141698.092171,1450837.0,23303.3535,818365718.9549311,0.0
2023-11-03,34941.58,34946.5,34120.0,34716.78,39071.20644,1699055999999.0,1347962831.5658624,1237373.0,19168.85669,661176167.7749346,0.0
2023-11-04,34716.78,35255.0,34585.18,35062.07,18377.55545,1699142399999.0,639958598.4198353,794787.0,9229.16649,321479754.9172934,0.0
2023-11-05,35062.06,35380.0,34448.0,35011.88,24528.73376,1699228799999.0,859350974.0014893,1038468.0,11870.33193,415912075.9000027,0.0
2023-11-06,35011.89,35276.33,34725.9,35046.09,22346.47086,1699315199999.0,782427702.2653205,988246.0,10770.27727,377126281.1530906,0.0
2023-11-07,35046.09,35888.0,34523.06,35399.12,38688.73692,1699401599999.0,1358031361.1978526,1352796.0,19375.26868,680382009.6599416,0.0
2023-11-08,35399.13,36106.0,35100.0,35624.72,33401.34137,1699487999999.0,1185492160.4927278,1132568.0,17192.8245,610314635.3798897,0.0
2023-11-09,35624.72,37972.24,35534.05,36701.09,82537.88885,1699574399999.0,3033417922.7826815,2138765.0,42156.81236,1550254981.0451877,0.0
2023-11-10,36701.1,37526.0,36324.71,37301.63,43414.04898,1699660799999.0,1605069174.5241032,1297729.0,21388.56879,790671818.768367,0.0
2023-11-11,37301.63,37408.26,36666.93,37130.0,22984.97235,1699747199999.0,851924612.7339427,923300.0,10728.65792,397673179.6679197,0.0
2023-11-12,37129.99,37222.22,36731.1,37064.13,17687.18874,1699833599999.0,655570813.1382711,810885.0,8506.46051,315285367.544748,0.0
2023-11-13,37064.13,37417.99,36333.0,36462.93,32798.18252,1699919999999.0,1208037462.3041444,1217191.0,15442.44512,568916594.9113173,0.0
2023-11-14,36462.93,36744.0,34800.0,35551.19,45503.68416,1700006399999.0,1639130785.08681,1404428.0,21205.18615,763841642.880878,0.0
2023-11-15,35551.2,37980.0,35360.0,37858.2,53569.13385,1700092799999.0,1963249656.5094738,1545427.0,28142.1424,1031669501.9934208,0.0
2023-11-16,37858.2,37929.54,35500.0,36163.51,47490.39566,1700179199999.0,1744503339.0151725,1542446.0,22214.04928,815932555.1331269,0.0
2023-11-17,36163.51,36800.0,35861.1,36613.92,38283.61112,1700265599999.0,1391225051.1923273,1349322.0,18403.36411,668865883.1417465,0.0
2023-11-18,36613.91,36845.49,36178.58,36568.1,17102.24186,1700351999999.0,624434069.5256634,784498.0,8101.54756,295795105.4300323,0.0
2023-11-19,36568.11,37500.0,36384.02,37359.86,21246.34648,1700438399999.0,781531839.4371592,862400.0,10575.25293,389089868.806342,0.0
2023-11-20,37359.85,37750.0,36677.0,37448.78,36022.70291,1700524799999.0,1343722642.386475,1485050.0,17591.22652,656245983.7397183,0.0
2023-11-21,37448.79,37649.44,35735.0,35741.65,47646.54804,1700611199999.0,1756747495.9818547,1936895.0,22371.42068,824920009.55786,0.0
2023-11-22,35741.65,37861.1,35632.01,37408.34,45051.30697,1700697599999.0,1657141022.427348,1648374.0,23046.71174,847145468.3259536,0.0
2023-11-23,37408.35,37653.44,36870.0,37294.28,23827.92882,1700783999999.0,888826648.8541473,992284.0,11086.35132,413539343.9448205,0.0
2023-11-24,37294.27,38414.0,37251.51,37713.57,44680.80646,1700870399999.0,1688715728.079148,1379414.0,22349.17236,844803081.6321824,0.0
2023-11-25,37713.57,37888.0,37591.1,37780.67,11396.14464,1700956799999.0,430165251.7609749,569448.0,5153.91116,194536221.2850941,0.0
2023-11-26,37780.67,37814.63,37150.0,37447.43,21264.53723,1701043199999.0,797321193.5893991,848020.0,10204.51641,382571274.0460782,0.0
2023-11-27,37447.42,37569.23,36707.0,37242.7,30001.07376,1701129599999.0,1112557435.2767923,1238017.0,14458.63822,536129095.5668442,0.0
2023-11-28,37242.7,38377.0,36868.41,37818.87,37544.46667,1701215999999.0,1414360251.6823456,1272779.0,18168.56198,684514270.9388717,0.0
2023-11-29,37818.88,38450.0,37570.0,37854.64,32994.19107,1701302399999.0,1252586505.66259,1131353.0,15588.96473,591917955.4743968,0.0
2023-11-30,37854.65,38145.85,37500.0,37723.96,24740.29147,1701388799999.0,934491058.9608141,1007791.0,11484.45424,433772722.5045634,0.0
2023-12-01,37723.97,38999.0,37615.86,38682.52,43415.66324,1701475199999.0,1669750777.6239815,1523417.0,22408.27301,861977420.1631953,0.0
2023-12-02,38682.51,39717.14,38641.61,39450.35,26696.92161,1701561599999.0,1043421976.7660652,1034690.0,13166.65386,514763687.5746009,0.0
2023-12-03,39450.35,40250.0,39274.86,39972.26,26710.65335,1701647999999.0,1059860641.0494444,1151524.0,13333.29632,529259227.1675092,0.0
2023-12-04,39972.26,42420.0,39972.26,41991.1,79272.33059,1701734399999.0,3285736844.1408806,2112219.0,38595.61905,1599710862.0871768,0.0
2023-12-05,41991.1,44488.0,41414.0,44073.32,67490.74644,1701820799999.0,2890205389.4901266,2072700.0,34815.80813,1491813847.2389681,0.0
2023-12-06,44073.82,44297.21,43335.28,43762.69,51431.10492,1701907199999.0,2256979505.594805,1876282.0,25092.62492,1101273363.0864296,0.0
2023-12-07,43762.69,44047.33,42821.1,43273.14,47103.26845,1701993599999.0,2046945851.8836446,1414759.0,22635.67672,983629776.4938614,0.0
2023-12-08,43273.15,44700.0,43081.1,44170.99,42900.37556,1702079999999.0,1875581755.4469104,1311268.0,20818.67861,910357262.894073,0.0
2023-12-09,44171.0,44358.02,43584.51,43713.6,24925.97008,1702166399999.0,1096487106.5648339,987352.0,11598.00774,510255993.8680859,0.0
2023-12-10,43713.59,44049.0,43563.0,43789.51,18956.61758,1702252799999.0,830485162.5569535,830667.0,8841.90643,387376075.3824843,0.0
2023-12-11,43789.5,43804.5,40222.0,41253.4,76663.89804,1702339199999.0,3205540835.511434,2087142.0,36499.24269,1525642878.1521034,0.0
2023-12-12,41253.41,42104.12,40680.0,41492.39,42722.69773,1702425599999.0,1773961284.3375635,1526411.0,21394.91158,888438328.8915346,0.0
2023-12-13,41492.38,43475.2,40555.0,42869.03,45865.99773,1702511999999.0,1919703389.4848804,1724659.0,22354.97386,935785466.0225857,0.0
2023-12-14,42869.03,43420.0,41400.0,43022.26,42047.05709,1702598399999.0,1798740625.30166,1599536.0,20579.79343,880356342.3815118,0.0
2023-12-15,43022.26,43080.81,41666.0,41940.3,33421.7932,1702684799999.0,1416898938.509979,1323628.0,16321.13654,691713304.7485888,0.0
2023-12-16,41940.29,42724.43,41605.0,42278.03,24118.85747,1702771199999.0,1020469627.8857331,1180886.0,12193.50511,515909440.9100929,0.0
2023-12-17,42278.02,42424.07,41252.0,41374.65,27722.11452,1702857599999.0,1161963642.9627964,1227634.0,13245.86404,555309260.127941,0.0
2023-12-18,41374.64,42757.81,40542.93,42657.8,46734.0925,1702943999999.0,1936003306.0825727,1741647.0,23255.79871,963775419.5731498,0.0
2023-12-19,42657.8,43497.0,41811.1,42275.99,40927.86444,1703030399999.0,1747830242.4615936,1609188.0,20163.65946,861082883.3110158,0.0
2023-12-20,42275.99,44283.0,42206.0,43668.93,48710.2947,1703116799999.0,2115813869.779619,1934588.0,23912.13682,1038694005.7761399,0.0
2023-12-21,43668.92,44242.35,43286.72,43861.8,34624.29384,1703203199999.0,1514529919.1877797,1500702.0,17058.89545,746266380.7692404,0.0
2023-12-22,43861.79,44398.26,43412.54,43969.04,32783.19638,1703289599999.0,1436074497.5128598,1404109.0,16049.22275,703199211.0393196,0.0
2023-12-23,43969.04,43988.68,43291.1,43702.16,16557.1293,1703375999999.0,722943825.3332176,849658.0,7765.30564,339046509.1677196,0.0
2023-12-24,43702.15,43946.0,42500.0,42991.5,25144.33496,1703462399999.0,1093460634.8894227,1137678.0,11841.26614,514962029.1783347,0.0
2023-12-25,42991.5,43802.32,42720.43,43576.13,27021.23992,1703548799999.0,1172053386.5109816,1168428.0,13691.2393,593900885.8031462,0.0
2023-12-26,43576.12,43592.68,41637.6,42508.93,41010.04282,1703635199999.0,1746333612.304945,1475816.0,21096.16634,898267435.237983,0.0
2023-12-27,42508.93,43677.0,42098.69,43428.85,36191.21136,1703721599999.0,1554082990.052276,1439770.0,18982.83267,815239612.617364,0.0
2023-12-28,43428.86,43787.57,42241.79,42563.76,35150.52485,1703807999999.0,1508408742.378081,1391826.0,17422.8191,747631903.055399,0.0
2023-12-29,42563.76,43111.0,41300.0,42066.95,42597.18912,1703894399999.0,1803086285.2465775,1571137.0,21195.34128,897324724.7968955,0.0
2023-12-30,42066.94,42612.32,41520.3,42140.28,22906.57818,1703980799999.0,964875790.984935,936545.0,11727.69648,494133887.9071811,0.0
2023-12-31,42140.29,42899.0,41965.84,42283.58,23585.91603,1704067199999.0,1001519241.5559053,1016484.0,11997.14865,509478742.7445108,0.0
2024-01-01,42283.58,44184.1,42180.77,44179.55,27174.29903,1704153599999.0,1169995682.0280013,1114623.0,14331.7318,617352094.5605195,0.0
2024-01-02,44179.55,45879.63,44148.34,44946.91,65146.40661,1704239999999.0,2944331821.8230762,2247532.0,33817.14447,1527964124.2375848,0.0
2024-01-03,44946.91,45500.0,40750.0,42845.23,81194.55173,1704326399999.0,3507104563.744232,2658041.0,39103.99162,1687665202.9513144,0.0
2024-01-04,42845.23,44729.58,42613.77,44151.1,48038.06334,1704412799999.0,2095095359.4936347,1819944.0,23605.90059,1030075267.839013,0.0
2024-01-05,44151.1,44357.46,42450.0,44145.11,48075.25327,1704499199999.0,2100953924.3687155,2064845.0,24015.06426,1049655019.1400094,0.0
2024-01-06,44145.12,44214.42,43397.05,43968.32,17835.06144,1704585599999.0,781212883.4916061,956642.0,9048.57073,396341787.3638776,0.0
2024-01-07,43968.32,44480.59,43572.09,43929.02,23023.8508,1704671999999.0,1014635096.1241482,1109259.0,11613.52347,511871007.5258263,0.0
2024-01-08,43929.01,47248.99,43175.0,46951.04,72814.57589,1704758399999.0,3298772150.6815076,2364464.0,38728.8053,1755312207.6681833,0.0
2024-01-09,46951.04,47972.0,44748.67,46110.0,69927.66617,1704844799999.0,3251442072.8083963,2637745.0,34825.45429,1620151226.3362696,0.0
2024-01-10,46110.0,47695.93,44300.36,46653.99,89911.41203,1704931199999.0,4123809481.712767,3133588.0,46910.79439,2153126701.3521643,0.0
2024-01-11,46654.0,48969.48,45606.06,46339.16,87470.3296,1705017599999.0,4105139605.028302,2998451.0,44076.1683,2070467939.6599925,0.0
2024-01-12,46339.16,46515.53,41500.0,42782.73,86327.93707,1705103999999.0,3827483735.576057,2809192.0,41707.58066,1850840878.9778297,0.0
2024-01-13,42782.74,43257.0,42436.12,42847.99,36118.47464,1705190399999.0,1547370611.5531662,1434243.0,17748.09824,760432218.2454551,0.0
2024-01-14,42847.99,43079.0,41720.0,41732.35,28228.40894,1705276799999.0,1202212782.257693,1235727.0,13690.30843,583261659.738576,0.0
2024-01-15,41732.35,43400.43,41718.05,42511.1,40269.89303,1705363199999.0,1718982911.1081028,1657611.0,19924.7603,849997411.087583,0.0
2024-01-16,42511.1,43578.01,42050.0,43137.95,45045.74589,1705449599999.0,1931947150.05907,1716580.0,24064.55667,1031525441.9352086,0.0
2024-01-17,43137.94,43198.0,42200.69,42776.1,33266.21388,1705535999999.0,1419888430.9228892,1438172.0,16648.20529,710532768.0475779,0.0
2024-01-18,42776.09,42930.0,40683.28,41327.5,43907.51641,1705622399999.0,1839426541.263579,1466087.0,21085.14336,883292634.2063637,0.0
2024-01-19,41327.51,42196.86,40280.0,41659.03,48342.74559,1705708799999.0,1993846466.5387518,1641428.0,24347.5002,1004478721.3792055,0.0
2024-01-20,41659.03,41872.56,41456.3,41696.04,15923.99493,1705795199999.0,662768008.1509343,807324.0,7557.36632,314535141.9955636,0.0
2024-01-21,41696.05,41881.39,41500.98,41580.33,11730.16301,1705881599999.0,489151571.0309043,657817.0,5576.56045,232552207.1607329,0.0
2024-01-22,41580.32,41689.65,39431.58,39568.02,55426.19911,1705967999999.0,2247452153.7954326,2147250.0,26788.13985,1086650848.0670526,0.0
2024-01-23,39568.02,40176.74,38555.0,39897.6,57956.63351,1706054399999.0,2275851990.6468267,2043925.0,30913.97177,1214417243.6964118,0.0
2024-01-24,39897.59,40555.0,39484.19,40084.88,39293.82861,1706140799999.0,1569704923.8307493,1675615.0,20673.05725,825887009.4744226,0.0
2024-01-25,40084.89,40300.24,39550.0,39961.09,31022.11853,1706227199999.0,1238813296.1526136,1291233.0,15685.24919,626369240.3733964,0.0
2024-01-26,39961.09,42246.82,39822.52,41823.51,47384.96726,1706313599999.0,1951700659.289807,1624861.0,24674.75551,1016105199.7171212,0.0
2024-01-27,41823.51,42200.0,41394.34,42120.63,16224.41667,1706399999999.0,678418702.3509445,751148.0,7485.64978,312938659.2480243,0.0
2024-01-28,42120.63,42842.68,41620.81,42031.06,27294.99838,1706486399999.0,1154365891.6682587,1032493.0,12971.1882,548670338.639401,0.0
2024-01-29,42031.05,43333.0,41804.88,43302.7,31542.74207,1706572799999.0,1343462280.3618684,1197856.0,15996.88627,681504721.3585126,0.0
2024-01-30,43302.71,43882.36,42683.99,42941.1,37619.24546,1706659199999.0,1633251085.6713595,1316610.0,19317.29993,838876408.4556684,0.0
2024-01-31,42941.1,43745.11,42276.84,42580.0,39871.13688,1706745599999.0,1711665577.0530825,1499559.0,20289.94825,871009715.1702207,0.0
2024-02-01,42580.0,43285.13,41884.28,43082.94,35231.04664,1706831999999.0,1497121440.6440022,1392269.0,18134.84304,770635549.4842128,0.0
2024-02-02,43082.95,43488.0,42546.79,43200.0,29672.14418,1706918399999.0,1277919437.2905612,1086342.0,15645.5711,673834785.747791,0.0
2024-02-03,43199.99,43380.01,42880.0,43011.09,12033.40998,1707004799999.0,518775350.0336009,609962.0,5691.78572,245377398.5105957,0.0
2024-02-04,43011.1,43119.04,42222.0,42582.88,17066.89404,1707091199999.0,730999557.7083682,931235.0,8427.12671,360928641.0597722,0.0
2024-02-05,42582.88,43569.76,42258.1,42708.7,29467.75905,1707177599999.0,1262620640.5407174,1317397.0,14984.06962,642077579.5827268,0.0
2024-02-06,42708.7,43399.98,42574.0,43098.95,24675.85433,1707263999999.0,1061049582.6002767,1120760.0,12810.98205,550866463.7409194,0.0
2024-02-07,43098.96,44396.5,42788.0,44349.6,34392.59915,1707350399999.0,1496013692.382922,1378809.0,17755.87738,772721372.4443885,0.0
2024-02-08,44349.6,45614.3,44331.1,45288.65,45439.62231,1707436799999.0,2042912128.1517665,1863650.0,22731.52397,1021963499.800335,0.0
2024-02-09,45288.66,48200.0,45242.12,47132.77,73503.481,1707523199999.0,3453043306.4209757,2323884.0,37360.96419,1754880225.38021,0.0
2024-02-10,47132.78,48170.0,46800.0,47751.09,24802.35936,1707609599999.0,1176079377.6922762,1323421.0,12740.69912,604397015.51796,0.0
2024-02-11,47751.08,48592.66,47557.16,48299.99,29958.80837,1707695999999.0,1443314885.7714052,1407270.0,15741.38294,758411879.955689,0.0
2024-02-12,48300.0,50334.82,47710.01,49917.27,59009.96705,1707782399999.0,2898220863.0181804,1939394.0,30797.43359,1512688561.6888654,0.0
2024-02-13,49917.28,50368.61,48300.95,49699.59,55551.56706,1707868799999.0,2745025370.067447,1741811.0,28409.79337,1403783512.6809905,0.0
2024-02-14,49699.6,52043.71,49225.01,51795.17,57046.37401,1707955199999.0,2919604456.723313,1859392.0,29664.5183,1518339681.334602,0.0
2024-02-15,51795.17,52816.62,51314.0,51880.0,53816.03055,1708041599999.0,2802825737.9920154,1786569.0,26722.58656,1391971339.715806,0.0
2024-02-16,51880.01,52572.08,51566.0,52124.11,37772.25318,1708127999999.0,1965003863.9713342,1583711.0,18309.89888,952708587.7324988,0.0
2024-02-17,52124.1,52162.82,50625.0,51642.64,25674.00622,1708214399999.0,1319908544.979089,1427773.0,12655.51593,650426057.1976154,0.0
2024-02-18,51642.64,52377.0,51163.28,52137.67,21992.10363,1708300799999.0,1139209588.4334626,1375422.0,11281.34692,584447328.1142722,0.0
2024-02-19,52137.68,52488.77,51677.0,51774.73,29534.99432,1708387199999.0,1539600521.6007729,1542990.0,15266.36204,795825023.6442236,0.0
2024-02-20,51774.74,52985.0,50760.37,52258.82,49614.47318,1708473599999.0,2574874999.3787174,1971912.0,24994.25062,1297330385.0050933,0.0
2024-02-21,52258.82,52366.8,50625.0,51849.39,43079.40049,1708559999999.0,2210278288.725095,1824860.0,22239.73293,1140905416.956252,0.0
2024-02-22,51849.38,52065.78,50940.78,51288.42,35309.44574,1708646399999.0,1820949707.158534,1688184.0,17830.4673,919599483.9078617,0.0
2024-02-23,51288.42,51548.54,50521.0,50744.15,30545.79544,1708732799999.0,1559143576.8296163,1487039.0,14610.80906,745820955.2560463,0.0
2024-02-24,50744.15,51698.0,50585.0,51568.22,16560.4211,1708819199999.0,847793393.571868,855015.0,8462.15627,433239599.4239887,0.0
2024-02-25,51568.21,51958.55,51279.8,51728.85,18721.63159,1708905599999.0,966951114.4504629,923992.0,9544.17672,492952522.6816389,0.0
2024-02-26,51728.85,54910.0,50901.44,54476.47,51256.72199,1708991999999.0,2710403072.980595,1808909.0,27198.83551,1438371804.1101012,0.0
2024-02-27,54476.48,57588.15,54450.13,57037.34,67194.98562,1709078399999.0,3795949115.2249317,2414285.0,34970.25885,1975472154.5115738,0.0
2024-02-28,57037.35,64000.0,56691.85,62432.1,118763.46984,1709164799999.0,7162581994.48574,3895062.0,62066.63936,3742433894.9450765,0.0
2024-02-29,62432.11,63676.35,60364.7,61130.98,78425.07603,1709251199999.0,4872212871.27608,3169405.0,39463.06931,2452515504.8686514,0.0
2024-03-01,61130.99,63114.23,60777.0,62387.9,47737.93473,1709337599999.0,2956537377.9660296,1947444.0,24195.70252,1498771144.099956,0.0
2024-03-02,62387.9,62433.19,61561.12,61987.28,25534.73659,1709423999999.0,1582566973.834093,1641808.0,12691.37721,786583052.0862726,0.0
2024-03-03,61987.28,63231.88,61320.0,63113.97,28994.90903,1709510399999.0,1804536272.9443457,1992011.0,14905.186,927868983.7308431,0.0
2024-03-04,63113.97,68499.0,62300.0,68245.71,84835.16005,1709596799999.0,5568877537.081252,3887853.0,45319.0864,2974396037.6857204,0.0
2024-03-05,68245.71,69000.0,59005.0,63724.01,132696.7813,1709683199999.0,8674526591.287142,5310706.0,65991.84526,4318205559.64365,0.0
2024-03-06,63724.01,67641.1,62779.14,66074.04,78738.85491,1709769599999.0,5197743036.597276,3302981.0,40344.32596,2663883160.206962,0.0
2024-03-07,66074.04,67980.0,65551.0,66823.17,53059.8869,1709855999999.0,3548088039.2736087,2428227.0,27935.66302,1867854683.98203,0.0
2024-03-08,66823.18,69990.0,66082.66,68124.19,74261.932842,1709942399999.0,5044395324.399055,2943927.0,37711.514581,2563347797.5286803,0.0
2024-03-09,68124.2,68541.1,67861.1,68313.27,19872.89743,1710028799999.0,1355964036.9092987,1345341.0,10005.592,682720256.0028228,0.0
2024-03-10,68313.28,69887.61,68094.75,68955.88,38404.66835,1710115199999.0,2659307501.0945783,2139518.0,19188.79904,1328747995.9940255,0.0
2024-03-11,68955.88,72800.0,67024.96,72078.1,75292.825726,1710201599999.0,5352704377.618805,3043414.0,39435.855459,2803359303.286973,0.0
2024-03-12,72078.1,73000.0,68620.82,71452.01,68783.546691,1710287999999.0,4909667978.559339,3047890.0,34517.212933,2465202174.407226,0.0
2024-03-13,71452.0,73650.25,71333.31,73072.41,52659.711647,1710374399999.0,3829764501.253793,2501197.0,26787.082237,1948382241.8894603,0.0
2024-03-14,73072.4,73777.0,68555.0,71388.94,71757.628746,1710460799999.0,5132189849.096632,2994869.0,35676.748326,2552190396.8890066,0.0
2024-03-15,71388.94,72419.71,65600.0,69499.85,103334.03546,1710547199999.0,7065279917.872112,3904445.0,49844.66515,3409385750.021177,0.0
2024-03-16,69499.84,70043.0,64780.0,65300.63,55926.95336,1710633599999.0,3788544202.8848557,2729019.0,27240.19894,1846731512.2736232,0.0
2024-03-17,65300.64,68904.4,64533.0,68393.48,49742.21589,1710719999999.0,3322963634.2425127,2449156.0,25328.29435,1692079618.2113106,0.0
2024-03-18,68393.47,68956.0,66565.2,67609.99,55691.08088,1710806399999.0,3768277912.418918,2464515.0,28529.67219,1930726566.249246,0.0
2024-03-19,67610.0,68124.11,61555.0,61937.4,101005.32487,1710892799999.0,6484805948.535393,3593832.0,48205.28434,3095258881.7022734,0.0
2024-03-20,61937.41,68100.0,60775.0,67840.51,90420.58592,1710979199999.0,5769770052.062583,3549793.0,45523.84281,2907222064.1312914,0.0
2024-03-21,67840.51,68240.47,64529.01,65501.27,53357.48002,1711065599999.0,3551223142.964417,2388390.0,26650.09786,1774833851.2215245,0.0
2024-03-22,65501.28,66649.62,62260.0,63796.64,51482.37821,1711151999999.0,3310481978.1076455,2492881.0,24578.87957,1580940164.1212375,0.0
2024-03-23,63796.64,65999.0,63000.0,63990.01,26410.11409,1711238399999.0,1706152172.6316135,1753566.0,12749.00823,823892846.714977,0.0
2024-03-24,63990.02,67628.69,63772.29,67209.99,31395.78015,1711324799999.0,2059312948.6486874,1880774.0,16689.65617,1095820626.0291996,0.0
2024-03-25,67210.0,71150.0,66385.06,69880.01,53431.14486,1711411199999.0,3679964073.8112125,2632220.0,27815.58769,1915614174.2397635,0.0
2024-03-26,69880.0,71561.1,69280.0,69988.0,38934.38417,1711497599999.0,2738537345.33588,2176807.0,19498.85666,1371708206.538872,0.0
2024-03-27,69987.99,71769.54,68359.18,69469.99,49119.35685,1711583999999.0,3426458581.943343,2453366.0,24902.3347,1737325915.8344178,0.0
2024-03-28,69469.99,71552.06,68903.62,70780.6,35439.03239,1711670399999.0,2500571208.0026274,1799897.0,18007.26883,1270852446.707745,0.0
2024-03-29,70780.6,70916.16,69009.0,69850.54,25445.08353,1711756799999.0,1779608477.3224537,1522607.0,11839.0929,828039936.6854533,0.0
2024-03-30,69850.53,70321.1,69540.0,69582.18,13644.61142,1711843199999.0,954555919.6855745,1110488.0,6423.89367,449436189.733619,0.0
2024-03-31,69582.17,71366.0,69562.99,71280.01,19396.34433,1711929599999.0,1367523707.261245,1181926.0,10142.47988,715151368.946302,0.0
2024-04-01,71280.0,71288.23,68062.86,69649.8,41445.32039,1712015999999.0,2876486469.465523,1893438.0,20211.15024,1402849944.782289,0.0
2024-04-02,69649.81,69674.23,64550.0,65463.99,71799.82793,1712102399999.0,4750030717.922425,2662410.0,35520.17401,2348263612.3034706,0.0
2024-04-03,65463.99,66903.63,64493.07,65963.28,39887.21778,1712188799999.0,2630556596.1359286,2172096.0,20618.58747,1360363531.1659517,0.0
2024-04-04,65963.27,69309.91,65064.52,68487.79,41510.48453,1712275199999.0,2795469450.572386,2000945.0,21013.32173,1415699952.0381584,0.0
2024-04-05,68487.8,68756.67,65952.56,67820.62,37915.23073,1712361599999.0,2555458935.236009,1901980.0,18889.98453,1273220222.7625887,0.0
2024-04-06,67820.63,69692.0,67447.83,68896.0,20134.28919,1712447999999.0,1373131967.7648187,1171460.0,9973.86412,680800856.2096505,0.0
2024-04-07,68896.0,70326.29,68824.0,69360.39,21534.74433,1712534399999.0,1496213373.1855776,1269048.0,11149.90398,774906774.5282812,0.0
2024-04-08,69360.38,72797.99,69043.24,71620.0,45723.87624,1712620799999.0,3270853309.6629424,2037025.0,25309.90487,1811209901.716354,0.0
2024-04-09,71620.0,71758.19,68210.0,69146.0,39293.90242,1712707199999.0,2749007421.6421075,1804157.0,18896.53756,1321865585.2380521,0.0
2024-04-10,69146.0,71172.08,67518.0,70631.08,42006.02377,1712793599999.0,2901564970.815804,1852170.0,20269.34809,1401023003.7318227,0.0
2024-04-11,70631.08,71305.89,69567.21,70006.23,31917.25595,1712879999999.0,2247473274.6162577,1658995.0,15908.49124,1120249990.7357526,0.0
2024-04-12,70006.22,71227.46,65086.86,67116.52,56072.86229,1712966399999.0,3843551585.3212748,2496617.0,25935.86464,1777808491.1704543,0.0
2024-04-13,67116.52,67929.0,60660.57,63924.51,71395.22019,1713052799999.0,4614468627.809045,3341340.0,33221.6695,2144846149.680918,0.0
2024-04-14,63924.52,65840.0,62134.0,65661.84,61599.17818,1713139199999.0,3946124834.6970353,2657953.0,29732.29634,1904847012.5093086,0.0
2024-04-15,65661.85,66867.07,62274.4,63419.99,52389.53069,1713225599999.0,3398072231.5612235,2539048.0,25206.68008,1634572976.9398127,0.0
2024-04-16,63419.99,64365.0,61600.0,63793.39,53435.29331,1713311999999.0,3355338198.4469132,2604354.0,26041.2664,1635683129.3076532,0.0
2024-04-17,63793.4,64499.0,59678.16,61277.37,50610.54509,1713398399999.0,3128625247.4738536,2458327.0,24346.74671,1506361259.7013583,0.0
2024-04-18,61277.38,64117.09,60803.35,63470.08,43601.60918,1713484799999.0,2726741448.886802,2142511.0,20870.20705,1305027167.9395082,0.0
2024-04-19,63470.09,65450.0,59600.01,63818.01,69774.30271,1713571199999.0,4419893235.183288,2828284.0,34941.50216,2214809735.2402415,0.0
2024-04-20,63818.01,65419.0,63090.07,64940.59,23137.42975,1713657599999.0,1486949581.439479,1376712.0,11811.8444,759077474.2972904,0.0
2024-04-21,64940.58,65695.56,64237.5,64941.15,19316.42152,1713743999999.0,1254396628.1531765,1390153.0,9734.71767,632257865.0082499,0.0
2024-04-22,64941.15,67232.35,64500.0,66819.32,31397.99371,1713830399999.0,2071690434.976552,1816591.0,16466.05497,1086399264.6092272,0.0
2024-04-23,66819.32,67183.01,65765.81,66414.0,22599.90004,1713916799999.0,1502139968.7198818,1433915.0,10854.17402,721404825.847041,0.0
2024-04-24,66414.0,67070.43,63606.06,64289.59,33595.69637,1714003199999.0,2195714861.6576557,1784897.0,16899.50969,1104368114.1058698,0.0
2024-04-25,64289.58,65297.94,62794.0,64498.34,31341.46338,1714089599999.0,2007704069.2622728,1375324.0,14808.62959,948738136.268438,0.0
2024-04-26,64498.33,64820.01,63297.48,63770.01,27085.19346,1714175999999.0,1736631357.3537388,1025561.0,13570.23647,870093757.518899,0.0
2024-04-27,63770.0,63923.41,62391.24,63461.98,20933.06052,1714262399999.0,1320337707.7871158,912422.0,9903.95325,624733409.2112879,0.0
2024-04-28,63461.98,64370.0,62781.0,63118.62,16949.20005,1714348799999.0,1078450016.4732296,790652.0,7941.33811,505261267.5695052,0.0
2024-04-29,63118.62,64228.35,61765.53,63866.0,28150.22947,1714435199999.0,1765038324.6837213,1152296.0,13986.59437,877053322.3079969,0.0
2024-04-30,63866.0,64734.0,59191.6,60672.0,54947.65535,1714521599999.0,3372142467.4322524,1985671.0,26385.41614,1620421850.578699,0.0
2024-05-01,60672.01,60841.63,56552.82,58364.97,81166.46823,1714607999999.0,4705572361.7402,2401089.0,38203.57377,2213404278.590011,0.0
2024-05-02,58364.97,59625.0,56911.84,59060.61,47583.81961,1714694399999.0,2778840305.0505786,1572898.0,23240.7537,1356148775.8867364,0.0
2024-05-03,59060.6,63333.0,58811.32,62882.01,43628.40143,1714780799999.0,2658193708.347904,1558661.0,22145.44334,1349687455.5957608,0.0
2024-05-04,62882.01,64540.0,62541.03,63892.04,24368.69282,1714867199999.0,1547468697.8765798,1113509.0,12671.20599,804768764.3062501,0.0
2024-05-05,63892.03,64646.0,62822.17,64012.0,18526.75029,1714953599999.0,1182572239.5306182,992921.0,8954.93439,571783428.2394707,0.0
2024-05-06,64012.0,65500.0,62700.0,63165.19,34674.91949,1715039999999.0,2218131198.4661326,1392557.0,17179.56031,1099303474.2805216,0.0
2024-05-07,63165.18,64422.41,62261.0,62312.08,25598.79472,1715126399999.0,1624531631.592377,1272898.0,12502.38281,793575994.2141025,0.0
2024-05-08,62312.07,63020.22,60888.0,61193.03,26121.19004,1715212799999.0,1623561041.1255188,1415152.0,12669.58179,787749415.5480814,0.0
2024-05-09,61193.03,63429.03,60630.0,63074.01,30660.8061,1715299199999.0,1895849912.7734754,1381957.0,15120.01471,935341755.6782354,0.0
2024-05-10,63074.0,63469.13,60187.12,60799.99,36529.34025,1715385599999.0,2255550468.413852,1500643.0,18066.83174,1116494638.2804892,0.0
2024-05-11,60799.99,61515.0,60487.09,60825.99,13374.56936,1715471999999.0,814928013.4573288,753281.0,6223.09555,379263096.215133,0.0
2024-05-12,60825.99,61888.0,60610.0,61483.99,12753.13236,1715558399999.0,781041632.4623835,727113.0,6416.91108,393132351.8883925,0.0
2024-05-13,61484.0,63450.0,60749.21,62940.08,32733.41839,1715644799999.0,2041896626.6108148,1371433.0,16717.90863,1043060982.3574601,0.0
2024-05-14,62940.09,63118.36,61142.77,61577.49,29088.72041,1715731199999.0,1800171876.1676655,1127939.0,13815.81443,855088066.212488,0.0
2024-05-15,61577.49,66444.16,61319.47,66206.5,43559.74719,1715817599999.0,2794259631.8910465,1729454.0,21797.84094,1398781701.4413886,0.0
2024-05-16,66206.51,66752.01,64602.77,65235.21,31106.3671,1715903999999.0,2045507646.8293848,1269793.0,15645.11263,1028962305.104384,0.0
2024-05-17,65235.21,67451.2,65106.38,67024.0,26292.23409,1715990399999.0,1745971822.3447454,1117254.0,13301.09525,883129353.163343,0.0
2024-05-18,67024.0,67400.01,66600.0,66915.2,14441.25774,1716076799999.0,967145944.6835316,734067.0,6911.13424,462859253.5879108,0.0
2024-05-19,66915.2,67700.0,65857.25,66274.01,18025.30409,1716163199999.0,1204989222.8768685,823729.0,8692.17507,581378180.3374597,0.0
2024-05-20,66274.0,71515.56,66060.31,71446.62,50816.7011,1716249599999.0,3485474763.752294,1930939.0,26792.52994,1839346667.540789,0.0
2024-05-21,71446.62,71979.0,69162.94,70148.34,49607.4336,1716335999999.0,3509345769.233608,2137448.0,24686.27911,1746693652.328722,0.0
2024-05-22,70148.34,70666.0,68842.19,69166.62,27673.18026,1716422399999.0,1931700812.3032143,1371973.0,13124.78731,916344293.9104757,0.0
2024-05-23,69166.62,70096.12,66312.16,67969.65,40513.17374,1716508799999.0,2766790260.7886024,1827855.0,19791.15119,1351640092.5813658,0.0
2024-05-24,67969.66,69250.0,66600.12,68549.99,28095.83664,1716595199999.0,1906438696.7156012,1165907.0,14344.29889,973457354.6957757,0.0
2024-05-25,68549.99,69610.0,68500.0,69290.57,12130.39418,1716681599999.0,837339788.9838961,703803.0,5851.95991,403954862.6694792,0.0
2024-05-26,69290.56,69562.23,68128.01,68507.67,11872.11797,1716767999999.0,818914878.9908898,722849.0,5934.62083,409411078.5460924,0.0
2024-05-27,68507.67,70687.56,68250.0,69436.43,23136.92737,1716854399999.0,1604722197.8374028,1219341.0,11709.62174,812172288.2576373,0.0
2024-05-28,69436.43,69591.81,67277.91,68398.39,32622.97042,1716940799999.0,2224860225.7992225,1459351.0,15543.09776,1059920452.3146172,0.0
2024-05-29,68398.4,68935.68,67124.65,67652.42,23159.83149,1717027199999.0,1573095221.6483984,1221044.0,11748.55954,797928379.3669178,0.0
2024-05-30,67652.41,69500.0,67128.0,68352.17,28478.2184,1717113599999.0,1945001081.5215867,1272851.0,14074.36655,961595245.1787834,0.0
2024-05-31,68352.17,69044.1,66670.0,67540.01,26690.32184,1717199999999.0,1812659052.2496767,1177860.0,13258.10182,900414200.1161768,0.0
2024-06-01,67540.01,67900.0,67428.44,67766.85,8837.66133,1717286399999.0,598305207.9932046,638484.0,4235.27045,286752060.4028929,0.0
2024-06-02,67766.84,68460.0,67257.47,67765.63,15426.32529,1717372799999.0,1046827665.3829314,812348.0,7760.23377,526768921.1262222,0.0
2024-06-03,67765.62,70288.0,67612.48,68809.9,29633.374,1717459199999.0,2047757076.2268357,1253789.0,15308.67275,1058024704.3533732,0.0
2024-06-04,68809.89,71063.45,68567.32,70537.84,29619.78489,1717545599999.0,2069902136.99324,1254515.0,14922.96734,1043071241.6284808,0.0
2024-06-05,70537.83,71758.0,70383.66,71108.0,28703.18082,1717631999999.0,2040073765.8676395,1055115.0,14210.23392,1010053925.7910814,0.0
2024-06-06,71108.0,71700.0,70117.64,70799.06,21842.00449,1717718399999.0,1551467659.1542966,900226.0,10287.3911,730849194.230399,0.0
2024-06-07,70799.06,71997.02,68420.0,69355.6,35598.45045,1717804799999.0,2507250591.3329782,1516415.0,17318.78051,1220810920.344433,0.0
2024-06-08,69355.6,69582.2,69168.02,69310.46,9773.82967,1717891199999.0,678267390.5310388,714103.0,4772.23036,331182466.9003425,0.0
2024-06-09,69310.46,69857.14,69130.24,69648.14,9890.56709,1717977599999.0,687344656.0725566,575583.0,4883.69296,339405376.0815447,0.0
2024-06-10,69648.15,70195.94,69172.29,69540.0,17122.66941,1718063999999.0,1192466549.9691226,936731.0,8412.00246,585909223.775813,0.0
2024-06-11,69540.0,69590.01,66051.0,67314.24,41436.01588,1718150399999.0,2793799020.4691243,1782415.0,19839.8232,1337254654.9989924,0.0
2024-06-12,67314.23,69999.0,66905.0,68263.99,37175.32356,1718236799999.0,2550285139.184372,1670745.0,18975.89081,1302069589.6416814,0.0
2024-06-13,68263.98,68449.3,66251.78,66773.01,29079.55571,1718323199999.0,1958897960.9172916,1518202.0,13886.14007,935614189.6986811,0.0
2024-06-14,66773.01,67370.24,65078.0,66043.99,28408.18797,1718409599999.0,1884451554.428285,1736314.0,13619.40861,903708200.7849749,0.0
2024-06-15,66043.99,66478.48,65857.1,66228.25,11451.80242,1718495999999.0,758175888.0283372,700886.0,5495.02083,363796116.4535752,0.0
2024-06-16,66228.25,66998.7,66034.5,66676.87,9392.52223,1718582399999.0,624653672.6138575,703295.0,4750.05166,315940653.9926121,0.0
2024-06-17,66676.86,67298.81,65130.0,66504.33,27386.16851,1718668799999.0,1812061226.7565656,1542620.0,13716.89431,907703353.5304953,0.0
2024-06-18,66504.33,66588.23,64060.0,65175.32,42350.10244,1718755199999.0,2755141806.0310903,2151711.0,20076.41361,1305946733.5892808,0.0
2024-06-19,65175.32,65727.54,64666.0,64974.37,20060.79576,1718841599999.0,1307731953.9545317,1078458.0,10289.7818,670875724.3137285,0.0
2024-06-20,64974.37,66482.94,64559.15,64869.99,24265.29031,1718927999999.0,1584896152.1663702,1282687.0,11828.87934,772646071.2169966,0.0
2024-06-21,64869.99,65066.66,63379.35,64143.56,25993.56442,1719014399999.0,1665541539.708616,1362617.0,12543.2596,803462610.6919086,0.0
2024-06-22,64143.56,64546.81,63943.82,64262.01,7308.95542,1719100799999.0,470027247.3402083,562832.0,3756.29045,241583895.4543618,0.0
2024-06-23,64262.01,64521.0,63178.32,63210.01,8224.45447,1719187199999.0,526848525.0029452,592759.0,3974.67964,254685735.5338773,0.0
2024-06-24,63210.01,63369.8,58402.0,60293.3,52161.35414,1719273599999.0,3180853460.924751,2190787.0,24495.59428,1493633137.5266542,0.0
2024-06-25,60293.3,62420.0,60257.06,61806.01,31189.24361,1719359999999.0,1914901308.84587,1277481.0,15360.08458,943071608.5109415,0.0
2024-06-26,61806.01,62487.81,60712.0,60864.99,22485.66463,1719446399999.0,1381716993.3554919,1112152.0,11435.02653,702676210.4365481,0.0
2024-06-27,60864.98,62389.22,60606.63,61706.47,18344.28631,1719532799999.0,1126705164.782892,1062176.0,9298.265,570914131.0571834,0.0
2024-06-28,61706.46,62225.31,60063.0,60427.84,24821.19255,1719619199999.0,1519872032.026636,1479626.0,12661.53908,775499790.7912346,0.0
2024-06-29,60427.84,61224.0,60383.77,60986.68,11509.55904,1719705599999.0,701345872.4881144,767669.0,5461.68911,332791254.6908993,0.0
2024-06-30,60986.68,63058.76,60712.21,62772.01,17326.30136,1719791999999.0,1070250012.5446604,1108912.0,8224.44601,508208752.0856987,0.0
2024-07-01,62772.01,63861.76,62497.2,62899.99,24547.10538,1719878399999.0,1550980813.6701345,1461508.0,12388.60654,782785773.8355592,0.0
2024-07-02,62900.0,63288.83,61806.28,62135.47,18573.11875,1719964799999.0,1160792332.6175597,1308816.0,9453.17931,590763216.5799825,0.0
2024-07-03,62135.46,62285.94,59400.0,60208.58,32160.11127,1720051199999.0,1945901232.9066572,1839372.0,15055.45492,910631739.6738483,0.0
2024-07-04,60208.57,60498.19,56771.0,57050.01,54568.77276,1720137599999.0,3168619756.2436485,2523236.0,24982.98822,1450509608.6804216,0.0
2024-07-05,57050.02,57546.0,53485.93,56628.79,81348.24756,1720223999999.0,4515040083.536515,3749255.0,37926.65162,2104682004.5166821,0.0
2024-07-06,56628.79,58475.0,56018.0,58230.13,21651.31558,1720310399999.0,1235398733.4357028,1411065.0,11083.50401,632724011.5474728,0.0
2024-07-07,58230.13,58449.46,55724.37,55857.81,19118.93918,1720396799999.0,1094135752.452869,1289229.0,9081.66872,519830378.935563,0.0
2024-07-08,55857.81,58236.73,54260.16,56714.62,48090.2049,1720483199999.0,2699942701.375511,2554389.0,23963.90684,1346497811.2117922,0.0
2024-07-09,56714.61,58296.0,56289.45,58050.0,27732.20788,1720569599999.0,1592351321.655387,1757693.0,14143.25001,812249336.7493434,0.0
2024-07-10,58050.0,59470.0,57157.79,57725.85,24951.73799,1720655999999.0,1452293495.6501489,1766696.0,12423.53162,723209557.6496755,0.0
2024-07-11,57725.85,59650.0,57050.0,57339.89,29761.05735,1720742399999.0,1728929618.0583844,2157661.0,15019.30135,872986677.1195273,0.0
2024-07-12,57339.89,58526.68,56542.47,57889.1,23652.4569,1720828799999.0,1360201319.0761504,1749738.0,11488.82545,661028735.6644312,0.0
2024-07-13,57889.09,59850.0,57756.63,59204.02,15357.74519,1720915199999.0,900429281.1482327,1114391.0,7889.36244,462600767.8610776,0.0
2024-07-14,59204.01,61420.69,59194.01,60797.91,21178.33907,1721001599999.0,1273562988.611176,1456088.0,10479.46025,630300143.2598463,0.0
2024-07-15,60797.91,64900.0,60632.3,64724.14,38690.9782,1721087999999.0,2435540879.0289335,2600425.0,19076.54212,1201411783.6666038,0.0
2024-07-16,64724.06,65388.97,62373.24,65043.99,42530.52915,1721174399999.0,2725231969.2884507,2484783.0,21595.04799,1384337933.3310027,0.0
2024-07-17,65044.0,66128.63,63854.0,64087.99,29567.52954,1721260799999.0,1922412273.0882094,1868671.0,14616.17013,950725865.5856608,0.0
2024-07-18,64087.99,65133.3,63238.48,63987.92,22568.7225,1721347199999.0,1449872437.6497972,1696742.0,11288.35191,725073622.705674,0.0
2024-07-19,63987.92,67386.0,63300.67,66660.0,35634.72739,1721433599999.0,2331517674.368659,2184889.0,17971.06949,1176753281.038326,0.0
2024-07-20,66660.01,67598.0,66222.46,67139.96,14386.92434,1721519999999.0,961878801.8482211,995093.0,6868.63454,459313955.2534891,0.0
2024-07-21,67139.97,68366.66,65777.0,68165.34,21819.11191,1721606399999.0,1465757867.9747434,1322942.0,11412.05459,766856991.8425376,0.0
2024-07-22,68165.35,68474.55,66559.97,67532.01,21451.04303,1721692799999.0,1448418369.8467097,1558140.0,10263.9504,693063991.1191068,0.0
2024-07-23,67532.0,67750.98,65441.08,65936.01,31406.15316,1721779199999.0,2088544473.3235078,1772089.0,15168.84798,1008794779.0389912,0.0
2024-07-24,65936.0,67102.01,65111.0,65376.0,23082.56277,1721865599999.0,1526490826.4669967,1391053.0,10827.75551,716084205.2016414,0.0
2024-07-25,65376.01,66175.49,63456.7,65799.95,35126.42934,1721951999999.0,2266419771.224864,1830360.0,16579.45258,1070150879.3639548,0.0
2024-07-26,65799.95,68200.0,65722.63,67907.99,24244.36023,1722038399999.0,1630839588.6966548,1406982.0,12444.52129,837159298.5663502,0.0
2024-07-27,67908.0,69399.99,66650.0,67896.5,31710.21921,1722124799999.0,2162335067.0234175,1690591.0,15838.9282,1080427116.1916444,0.0
2024-07-28,67896.49,68318.43,67066.66,68249.88,10868.69394,1722211199999.0,736755676.1377451,821210.0,5403.48694,366295409.635027,0.0
2024-07-29,68249.88,70079.99,66428.0,66784.69,36467.29633,1722297599999.0,2499265962.091455,1952812.0,18196.23316,1248743452.5576787,0.0
2024-07-30,66784.68,67000.0,65302.67,66188.0,23132.25441,1722383999999.0,1533270724.799421,1622083.0,11096.82554,735708436.0236866,0.0
2024-07-31,66188.0,66849.24,64530.0,64628.0,22625.43905,1722470399999.0,1489443332.5960116,1609976.0,10818.48504,712275323.706937,0.0
2024-08-01,64628.01,65659.78,62302.0,65354.02,35542.26854,1722556799999.0,2270877792.65868,2397257.0,16886.93292,1079221072.7580278,0.0
2024-08-02,65354.02,65596.14,61230.01,61498.33,38820.42937,1722643199999.0,2469588785.6981573,2457735.0,18202.35794,1158565579.090291,0.0
2024-08-03,61498.34,62198.22,59850.0,60697.99,28034.71567,1722729599999.0,1711555901.18011,1669555.0,12947.95791,790701622.6375737,0.0
2024-08-04,60697.99,61117.63,57122.77,58161.0,31616.52003,1722815999999.0,1874490041.5437353,1886195.0,14556.6247,863334319.9678984,0.0
2024-08-05,58161.0,58305.59,49000.0,54018.81,162065.59186,1722902399999.0,8580928177.429901,7568497.0,77363.26323,4097736999.0679235,0.0
2024-08-06,54018.82,57040.99,53950.0,56022.01,55884.77676,1722988799999.0,3119018848.329888,3433824.0,27934.19288,1559417942.6490836,0.0
2024-08-07,56022.0,57736.05,54558.62,55134.16,44269.37684,1723075199999.0,2490553853.602583,2397504.0,21897.14983,1232415104.4472857,0.0
2024-08-08,55133.76,62745.14,54730.0,61685.99,48349.52949,1723161599999.0,2836312292.431818,2603042.0,25676.29533,1508140014.0005167,0.0
2024-08-09,61686.0,61744.37,59535.0,60837.99,30972.48017,1723247999999.0,1878350555.5122633,1827809.0,15023.05073,911225295.6263436,0.0
2024-08-10,60837.99,61470.58,60242.0,60923.51,9995.20621,1723334399999.0,607372221.2460397,800499.0,4893.63854,297435046.0025079,0.0
2024-08-11,60923.51,61858.0,58286.73,58712.59,19189.84512,1723420799999.0,1152081498.1567774,1319469.0,9094.74521,546165456.9550736,0.0
2024-08-12,58712.59,60711.09,57642.21,59346.64,37009.91743,1723507199999.0,2186851067.316586,2293837.0,18279.26596,1080368631.1427846,0.0
2024-08-13,59346.64,61578.1,58392.88,60587.15,27858.95851,1723593599999.0,1668247896.8477187,1713485.0,13647.22341,817397824.2293857,0.0
2024-08-14,60587.16,61800.0,58433.18,58683.39,28422.76326,1723679999999.0,1705464263.505865,1729342.0,13263.8962,796386901.3641165,0.0
2024-08-15,58683.39,59849.38,56078.54,57541.06,37686.17622,1723766399999.0,2194915865.052229,2507858.0,17255.22311,1005337423.7264239,0.0
2024-08-16,57541.05,59817.76,57098.62,58874.6,27610.84344,1723852799999.0,1614654900.3332715,1999539.0,13963.51824,816740633.5454462,0.0
2024-08-17,58874.59,59700.0,58785.05,59491.99,7721.72931,1723939199999.0,457737705.7722839,807159.0,3871.6531,229477473.8098391,0.0
2024-08-18,59491.99,60284.99,58408.92,58427.35,13634.85717,1724025599999.0,813166580.7264851,1099730.0,6660.58254,397459480.8719823,0.0
2024-08-19,58427.35,59617.63,57787.3,59438.5,22809.31251,1724111999999.0,1336287900.197634,1636295.0,11350.30776,665066212.7595356,0.0
2024-08-20,59438.5,61400.0,58548.23,59013.8,31477.44548,1724198399999.0,1890620149.7910202,1904519.0,16041.22019,964180516.1529399,0.0
2024-08-21,59013.8,61820.93,58783.47,61156.03,27983.6422,1724284799999.0,1682529555.0960546,1981525.0,14156.90984,851829721.3994548,0.0
2024-08-22,61156.03,61400.0,59724.87,60375.84,21241.20588,1724371199999.0,1288544247.9560175,1718280.0,10269.33376,623042041.0781735,0.0
2024-08-23,60375.83,64955.0,60342.14,64037.24,38118.07089,1724457599999.0,2375916932.7935486,2555682.0,20372.88336,1270318490.0257754,0.0
2024-08-24,64037.24,64494.5,63531.0,64157.01,15857.15616,1724543999999.0,1015774255.1740764,1551856.0,7643.02686,489673236.6598002,0.0
2024-08-25,64157.02,65000.0,63773.27,64220.0,12305.47977,1724630399999.0,789935122.9930242,1263065.0,6315.72233,405555580.8604438,0.0
2024-08-26,64219.99,64481.0,62800.0,62834.0,19470.05276,1724716799999.0,1238341818.4320166,2152841.0,8995.67609,572188217.6295675,0.0
2024-08-27,62834.0,63212.0,58034.01,59415.0,35135.94178,1724803199999.0,2158144642.992993,2995281.0,15873.1536,975361314.8776591,0.0
2024-08-28,59415.0,60234.98,57860.0,59034.9,36868.54275,1724889599999.0,2183054412.974087,3664134.0,17135.91162,1014904733.0685129,0.0
2024-08-29,59034.9,61166.99,58713.09,59359.01,27020.90743,1724975999999.0,1617931684.258576,2743900.0,13152.3859,787682410.3518869,0.0
2024-08-30,59359.0,59944.07,57701.1,59123.99,28519.32195,1725062399999.0,1680918972.4658496,2845696.0,13783.34749,812769089.2849813,0.0
2024-08-31,59123.99,59462.38,58744.0,58973.99,8798.409,1725148799999.0,519849184.8690446,895944.0,4195.93079,247955494.3591592,0.0
2024-09-01,58974.0,59076.59,57201.0,57301.86,20705.15741,1725235199999.0,1202176847.3910584,2153180.0,9651.50531,560452387.8985474,0.0
2024-09-02,57301.77,59425.69,57128.0,59132.13,22895.01461,1725321599999.0,1333092369.4465685,1966119.0,11295.25452,657496577.6304803,0.0
2024-09-03,59132.12,59809.65,57415.0,57487.73,22828.18447,1725407999999.0,1335076815.8599248,2208758.0,10979.79204,642252673.1132113,0.0
2024-09-04,57487.74,58519.0,55606.0,57970.9,35560.82146,1725494399999.0,2027630870.1796753,3177549.0,16861.75483,961923197.778253,0.0
2024-09-05,57970.9,58327.07,55643.65,56180.0,27806.91413,1725580799999.0,1577770853.1007974,3368058.0,12955.8897,734996919.3590955,0.0
2024-09-06,56180.0,57008.0,52550.0,53962.97,54447.76826,1725667199999.0,2988914918.924334,5287281.0,25325.18849,1390546230.881093,0.0
2024-09-07,53962.97,54850.0,53745.54,54160.86,16694.04774,1725753599999.0,905693342.5898322,1920923.0,8023.90683,435381439.0095956,0.0
2024-09-08,54160.86,55318.0,53629.01,54869.95,16274.14779,1725839999999.0,885743172.9184759,1796092.0,8031.76084,437221897.1104152,0.0
2024-09-09,54869.95,58088.0,54591.96,57042.0,32384.51737,1725926399999.0,1809715390.0493293,3355912.0,16412.83148,917669512.2220293,0.0
2024-09-10,57042.01,58044.36,56386.4,57635.99,23626.78126,1726012799999.0,1349365460.0900571,2843148.0,11690.37506,667774722.6993911,0.0
2024-09-11,57635.99,57981.71,55545.19,57338.0,33026.56757,1726099199999.0,1875738697.3784153,4045103.0,15979.30786,907634258.5649891,0.0
2024-09-12,57338.0,58588.0,57324.0,58132.32,31074.40631,1726185599999.0,1802848638.0757017,3706764.0,14783.00418,857572456.5100869,0.0
2024-09-13,58132.31,60625.0,57632.62,60498.0,29825.23333,1726271999999.0,1760671733.5492997,3378012.0,15395.13731,909141733.9747654,0.0
2024-09-14,60497.99,60610.45,59400.0,59993.03,12137.90901,1726358399999.0,728527024.3416963,1288784.0,5570.22098,334303099.7432136,0.0
2024-09-15,59993.02,60395.8,58691.05,59132.0,13757.92361,1726444799999.0,822410872.3906956,1552950.0,6431.24697,384460724.5703967,0.0
2024-09-16,59132.0,59210.7,57493.3,58213.99,26477.5642,1726531199999.0,1543273198.7027452,3145152.0,12859.7584,749563220.8060508,0.0
2024-09-17,58213.99,61320.0,57610.01,60313.99,33116.25878,1726617599999.0,1983378424.775704,3918209.0,16390.65993,981860543.2735815,0.0
2024-09-18,60313.99,61786.24,59174.8,61759.99,36087.02469,1726703999999.0,2174000496.820776,5167671.0,18429.59712,1110622778.7510853,0.0
2024-09-19,61759.98,63850.0,61555.0,62947.99,34332.52608,1726790399999.0,2153175931.1738715,4438284.0,17609.62958,1104427424.5246968,0.0
2024-09-20,62948.0,64133.32,62350.0,63201.05,25466.37794,1726876799999.0,1611195963.9908044,3969296.0,12411.32227,785440558.8125728,0.0
2024-09-21,63201.05,63559.9,62758.0,63348.96,8375.34608,1726963199999.0,528657852.3183024,1283611.0,3877.73743,244802615.7845593,0.0
2024-09-22,63348.97,64000.0,62357.93,63578.76,14242.19892,1727049599999.0,897477338.3735127,2145736.0,6923.17369,436456231.9537881,0.0
2024-09-23,63578.76,64745.88,62538.75,63339.99,24078.05287,1727135999999.0,1531015038.3680267,3999187.0,12331.07643,784350440.7145653,0.0
2024-09-24,63339.99,64688.0,62700.0,64262.7,23185.04759,1727222399999.0,1472720338.8562915,3870157.0,11522.89363,732118662.4171054,0.0
2024-09-25,64262.7,64817.99,62947.08,63152.01,17813.11168,1727308799999.0,1135250828.2732148,3355531.0,8384.67983,534590429.2105493,0.0
2024-09-26,63152.01,65839.0,62670.0,65173.99,28373.30593,1727395199999.0,1831204595.9448967,4361333.0,15041.9886,971176161.3870806,0.0
2024-09-27,65173.99,66498.0,64819.9,65769.95,22048.80487,1727481599999.0,1448852210.3602211,3498529.0,11092.85716,729156061.3679231,0.0
2024-09-28,65769.95,66260.0,65422.23,65858.0,9127.23316,1727567999999.0,600118483.1222521,1341703.0,4501.22534,296026669.8337066,0.0
2024-09-29,65858.0,66076.12,65432.0,65602.01,8337.74111,1727654399999.0,547980013.7152303,1413449.0,4132.9378,271622295.3535291,0.0
2024-09-30,65602.01,65618.8,62856.3,63327.59,30011.08752,1727740799999.0,1920250261.7442162,3978584.0,14451.93044,924324016.7358449,0.0
2024-10-01,63327.6,64130.63,60164.0,60805.78,43671.48108,1727827199999.0,2723672081.8326254,5607069.0,20951.74486,1308603194.3310401,0.0
2024-10-02,60804.92,62390.31,60000.0,60649.28,31534.70118,1727913599999.0,1928377637.836784,5313210.0,15719.32519,961468320.5154727,0.0
2024-10-03,60649.27,61477.19,59828.11,60752.71,26221.43472,1727999999999.0,1590773866.8074434,5244004.0,12906.51464,783073701.7331173,0.0
2024-10-04,60752.72,62484.85,60459.9,62086.0,21294.65994,1728086399999.0,1311145630.5020497,3798631.0,10689.34488,658151113.9351828,0.0
2024-10-05,62086.0,62370.56,61689.26,62058.0,7807.46141,1728172799999.0,484588468.3419123,1183175.0,3690.55536,229107774.75427,0.0
2024-10-06,62058.01,62975.0,61798.97,62819.91,8906.86177,1728259199999.0,555669634.4773514,1556553.0,4798.29924,299426562.8303448,0.0
2024-10-07,62819.91,64478.19,62128.0,62224.0,25966.1852,1728345599999.0,1646315506.5791945,4809342.0,12760.73415,809108823.5126126,0.0
2024-10-08,62224.01,63200.0,61860.31,62160.49,19702.22371,1728431999999.0,1230076253.818657,3798438.0,9614.36947,600357593.787378,0.0
2024-10-09,62160.5,62543.75,60301.0,60636.02,20011.15684,1728518399999.0,1234778807.5932417,3668363.0,9454.70171,583725546.0309885,0.0
2024-10-10,60636.01,61321.68,58946.0,60326.39,23967.92481,1728604799999.0,1445604381.9363792,3872577.0,10827.77272,653182369.9427671,0.0
2024-10-11,60326.4,63417.56,60087.64,62540.0,23641.35209,1728691199999.0,1462219576.849865,3222180.0,12099.56755,748431117.9165705,0.0
2024-10-12,62539.99,63480.0,62487.23,63206.22,10911.30116,1728777599999.0,686978508.9887543,1770837.0,5196.91695,327263147.4760401,0.0
2024-10-13,63206.23,63285.72,62050.0,62870.02,11909.21995,1728863999999.0,746564374.2082387,2242529.0,5855.04617,367046338.9194209,0.0
2024-10-14,62870.02,66500.0,62457.81,66083.99,37669.95222,1728950399999.0,2450094472.813545,4977577.0,19941.11906,1297062359.2474864,0.0
2024-10-15,66084.0,67950.0,64800.01,67074.14,43683.95423,1729036799999.0,2894021862.319518,6245619.0,21820.682,1446378130.5659852,0.0
2024-10-16,67074.14,68424.0,66750.49,67620.01,29938.25544,1729123199999.0,2024560410.1062675,5109685.0,15212.87402,1029210667.4758284,0.0
2024-10-17,67620.0,67939.4,66666.0,67421.78,25328.22861,1729209599999.0,1702164439.5654595,3981960.0,12153.94712,816887407.4042379,0.0
2024-10-18,67421.78,69000.0,67192.36,68428.0,28725.635,1729295999999.0,1959735899.8769643,4010969.0,14218.1785,970440964.2668117,0.0
2024-10-19,68427.99,68693.26,68010.0,68378.0,8193.66737,1729382399999.0,559628628.9613105,1152428.0,4071.19627,278085065.5176925,0.0
2024-10-20,68377.99,69400.0,68100.0,69031.99,12442.47378,1729468799999.0,854082429.8105861,1563795.0,6772.92574,465001555.930983,0.0
2024-10-21,69032.0,69519.52,66840.67,67377.5,31374.42184,1729555199999.0,2130833593.5466976,3686777.0,13593.60828,923860758.4208844,0.0
2024-10-22,67377.5,67836.01,66571.42,67426.0,24598.96268,1729641599999.0,1654285791.6605556,3669291.0,12400.51857,834160889.2398736,0.0
2024-10-23,67426.01,67472.83,65260.0,66668.65,25530.2407,1729727999999.0,1695101430.9187467,3807365.0,11888.33995,789384635.110686,0.0
2024-10-24,66668.65,68850.0,66510.0,68198.28,22589.83877,1729814399999.0,1526736320.912938,3797462.0,11502.58514,777936396.524746,0.0
2024-10-25,68198.27,68771.49,65596.29,66698.33,34479.71125,1729900799999.0,2320667435.293254,5332593.0,16031.032,1079347459.1549635,0.0
2024-10-26,66698.32,67454.55,66439.9,67092.76,11842.9077,1729987199999.0,792887047.147892,2373501.0,6069.18986,406369780.1532944,0.0
2024-10-27,67092.76,68332.05,66913.73,68021.7,8653.19592,1730073599999.0,585006148.4704809,1771989.0,4417.7362,298699666.9984393,0.0
2024-10-28,68021.69,70270.0,67618.0,69962.21,29046.75459,1730159999999.0,2005105729.8174448,4432446.0,15218.34976,1051606096.4298259,0.0
2024-10-29,69962.21,73620.12,69760.0,72736.42,50128.60594,1730246399999.0,3602465986.8917575,5645430.0,26898.46516,1932608784.1630373,0.0
2024-10-30,72736.41,72961.0,71436.0,72344.74,26885.99056,1730332799999.0,1941210537.2882867,4040734.0,13487.21433,973898183.7467278,0.0
2024-10-31,72344.75,72700.0,69685.76,70292.01,29352.10297,1730419199999.0,2091144977.4946847,4525542.0,14205.13879,1012048241.8498938,0.0
2024-11-01,70292.01,71632.95,68820.14,69496.01,38301.86755,1730505599999.0,2677358022.00497,4569271.0,18044.1622,1261663986.7596903,0.0
2024-11-02,69496.0,69914.37,69000.14,69374.74,10521.67243,1730591999999.0,731232427.6311548,1603561.0,5227.50713,363370734.8158011,0.0
2024-11-03,69374.74,69391.0,67478.73,68775.99,24995.70243,1730678399999.0,1709666206.4062023,3668029.0,12277.58177,839939073.1389577,0.0
2024-11-04,68775.99,69500.0,66835.0,67850.01,29800.39187,1730764799999.0,2033902307.0027761,5377048.0,14927.24077,1019257547.5246849,0.0
2024-11-05,67850.01,70577.91,67476.63,69372.01,33355.06888,1730851199999.0,2310418908.069922,4955644.0,17059.88663,1181816730.9237833,0.0
2024-11-06,69372.01,76400.0,69298.0,75571.99,104126.994787,1730937599999.0,7702283270.258009,8434184.0,53243.884427,3938516657.2327332,0.0
2024-11-07,75571.99,76849.99,74416.0,75857.89,44869.422345,1731023999999.0,3391796661.9719553,5207722.0,21805.460295,1648278335.300733,0.0
2024-11-08,75857.89,77199.99,75555.0,76509.78,36521.099583,1731110399999.0,2784449097.5315185,4877489.0,17555.393633,1339019332.1967125,0.0
2024-11-09,76509.78,76900.0,75714.66,76677.46,16942.07915,1731196799999.0,1294709001.60289,2585264.0,8032.79327,614028515.3001705,0.0
2024-11-10,76677.46,81500.0,76492.0,80370.01,61830.100435,1731283199999.0,4905441473.900737,7128598.0,32751.012177,2597409399.234963,0.0
2024-11-11,80370.01,89530.54,80216.01,88647.99,82323.665776,1731369599999.0,6944268709.942721,9348890.0,42837.295314,3613896167.371912,0.0
2024-11-12,88648.0,89940.0,85072.0,87952.01,97299.887911,1731455999999.0,8540084566.279819,11499058.0,49589.333451,4353451682.829404,0.0
2024-11-13,87952.0,93265.64,86127.99,90375.2,86763.854127,1731542399999.0,7790928962.043038,11962100.0,44342.329327,3983689817.4014444,0.0
2024-11-14,90375.21,91790.0,86668.21,87325.59,56729.51086,1731628799999.0,5073860815.928665,9828858.0,27940.856,2499212755.773147,0.0
2024-11-15,87325.59,91850.0,87073.38,91032.07,47927.95068,1731715199999.0,4276238971.1814294,8009111.0,24800.61087,2213154236.5096154,0.0
2024-11-16,91032.08,91779.66,90056.17,90586.92,22717.87689,1731801599999.0,2067958511.9048474,4239455.0,11496.31366,1046686701.0029461,0.0
2024-11-17,90587.98,91449.99,88722.0,89855.99,23867.55609,1731887999999.0,2153871724.810395,4930719.0,11852.78227,1070094820.6738938,0.0
2024-11-18,89855.98,92594.0,89376.9,90464.08,46545.03448,1731974399999.0,4239909950.661894,7161125.0,23628.87098,2153158394.316311,0.0
2024-11-19,90464.07,93905.51,90357.0,92310.79,43660.04682,1732060799999.0,4025108502.849614,5647789.0,22127.852724,2040301638.1161728,0.0
2024-11-20,92310.8,94831.97,91500.0,94286.56,42203.198712,1732147199999.0,3950932314.646069,7365987.0,20425.307962,1912348704.247262,0.0
2024-11-21,94286.56,98988.0,94040.0,98317.12,69228.360477,1732233599999.0,6722807908.325656,9048605.0,35424.063227,3440467290.318527,0.0
2024-11-22,98317.12,99588.01,97122.11,98892.0,46189.309243,1732319999999.0,4555536773.363205,7271311.0,22709.668193,2240635299.646484,0.0
2024-11-23,98892.0,98908.85,97336.06,97761.69,21318.38963,1732406399999.0,2095942953.9236062,3130954.0,9619.10881,945577208.0046924,0.0
